rxcui,generic_name,has_label,product_type,rela,condition_name,indications_and_usage,faers_side_effects
161203,aceprometazine,False,Non-US,may_treat,Sleep Deprivation,,
162,acetanilide,False,Obsolete,may_treat,Headache; Syncope,,
16735,acetophenazine,False,Discontinued/Withdrawn,ci_with,"Blood Coagulation Disorders; Bone Marrow Diseases; Brain Damage, Chronic; Coma; Drug Hypersensitivity",,
16735,acetophenazine,False,Discontinued/Withdrawn,may_treat,Psychotic Disorders; Schizophrenia,,
2557217,aducanumab,False,Discontinued/Withdrawn,may_treat,Alzheimer Disease,,
719,amobarbital,False,Discontinued/Withdrawn,ci_with,Airway Obstruction; Drug Hypersensitivity; Dyspnea; Liver Diseases; Liver Failure; Porphyrias,,
719,amobarbital,False,Discontinued/Withdrawn,may_treat,Anxiety Disorders; Seizures; Sleep Initiation and Maintenance Disorders; Status Epilepticus,,
17941,anisindione,False,Discontinued/Withdrawn,,"Abortion, Threatened; Alcoholism; Aneurysm; Ascorbic Acid Deficiency; Carcinoma; Cerebral Hemorrhage; Diverticulitis; Drug Hypersensitivity; Eclampsia; Emaciation; Endocarditis, Bacterial; Gastrointestinal Hemorrhage; Hemophilia A; Hemophilia B; Hypertension, Malignant; Leukemia; Liver Diseases; Pericardial Effusion; Pericarditis; Postoperative Hemorrhage; Pre-Eclampsia; Pregnancy; Prostatic Diseases; Protein-Energy Malnutrition; Purpura, Thrombocytopenic; Vitamin K Deficiency",,
17941,anisindione,False,Discontinued/Withdrawn,,Pulmonary Embolism; Thromboembolism; Venous Thrombosis,,
17941,anisindione,False,Discontinued/Withdrawn,,Atrial Fibrillation; Coronary Occlusion; Embolism; Myocardial Infarction; Pulmonary Embolism; Thromboembolism; Venous Thrombosis,,
17381,aprobarbital,False,Discontinued/Withdrawn,,Bronchopneumonia; Drug Hypersensitivity; Porphyrias; Respiratory Insufficiency,,
17381,aprobarbital,False,Discontinued/Withdrawn,,Sleep Initiation and Maintenance Disorders,,
1359,belladonna alkaloids,False,Obsolete,ci_with,Alcoholism; Asthma; Glaucoma; Kidney Diseases; Liver Diseases; Seizures,,
1359,belladonna alkaloids,False,Obsolete,may_treat,Gastrointestinal Diseases; Headache; Menopause; Spasm,,
89781,"belladonna extract, USP",False,Obsolete,ci_with,Alcoholism; Asthma; Glaucoma; Kidney Diseases; Liver Diseases; Seizures,,
89781,"belladonna extract, USP",False,Obsolete,may_treat,Gastrointestinal Diseases; Headache; Menopause; Spasm,,
314517,belladonna leaf extract,False,Obsolete,ci_with,Alcoholism; Asthma; Glaucoma; Kidney Diseases; Liver Diseases; Seizures,,
314517,belladonna leaf extract,False,Obsolete,may_treat,Gastrointestinal Diseases; Headache; Menopause; Spasm,,
1373,benperidol,False,Non-US,may_treat,Anxiety Disorders; Dementia; Depression; Psychotic Disorders; Schizophrenia,,
2121777,brexanolone,False,Discontinued/Withdrawn,may_treat,"Depression, Postpartum",,
1749,bromazepam,False,Non-US,may_treat,Anxiety Disorders; Sleep Initiation and Maintenance Disorders; Substance Withdrawal Syndrome,,
19759,bromodiphenhydramine,False,Discontinued/Withdrawn,ci_with,"Drug Hypersensitivity; Infant, Newborn; Infant, Premature",,
19759,bromodiphenhydramine,False,Discontinued/Withdrawn,may_treat,"Anxiety Disorders; Cough; Motion Sickness; Nausea; Parkinson Disease; Rhinitis, Allergic, Perennial; Sleep Initiation and Maintenance Disorders; Urticaria; Vertigo; Vomiting",,
19777,bromperidol,False,Non-US,may_treat,Psychotic Disorders; Schizophrenia Spectrum and Other Psychotic Disorders,,
477631,butabarbital,False,Discontinued/Withdrawn,ci_with,Drug Hypersensitivity; Porphyrias; Pregnancy,,
477631,butabarbital,False,Discontinued/Withdrawn,may_treat,Sleep Initiation and Maintenance Disorders,,
19874,butobarbital,False,Non-US,may_treat,Sleep Initiation and Maintenance Disorders,,
2372,chlormethiazole,False,Discontinued/Withdrawn,may_treat,Parkinson Disease; Psychomotor Agitation; Sleep Initiation and Maintenance Disorders; Substance Withdrawal Syndrome,,
2373,chlormezanone,False,Discontinued/Withdrawn,ci_with,Drug Hypersensitivity,,
2373,chlormezanone,False,Discontinued/Withdrawn,may_treat,Anxiety Disorders; Muscle Spasticity,,
2406,chlorprothixene,False,Discontinued/Withdrawn,ci_with,Coma; Drug Hypersensitivity,,
2406,chlorprothixene,False,Discontinued/Withdrawn,may_treat,"Psychotic Disorders; Schizophrenia, Paranoid",,
2603,clopamide,False,Non-US,may_treat,Anxiety Disorders,,
2622,clotiazepam,False,Non-US,may_treat,Anxiety Disorders,,
62174,deserpidine,False,Discontinued/Withdrawn,ci_with,"Colitis, Ulcerative; Depressive Disorder; Drug Hypersensitivity; Hypotension; Peptic Ulcer",,
62174,deserpidine,False,Discontinued/Withdrawn,may_treat,Dyskinesias; Hypertension; Schizophrenia,,
3332,dibenzepin,False,Non-US,may_treat,Depressive Disorder,,
1598,dicumarol,False,Obsolete,ci_with,"Abortion, Threatened; Alcoholism; Aneurysm; Ascorbic Acid Deficiency; Carcinoma; Cerebral Hemorrhage; Diverticulitis; Drug Hypersensitivity; Eclampsia; Emaciation; Endocarditis, Bacterial; Gastrointestinal Hemorrhage; Hemophilia A; Hemophilia B; Hypertension, Malignant; Leukemia; Liver Diseases; Pericardial Effusion; Pericarditis; Postoperative Hemorrhage; Pre-Eclampsia; Pregnancy; Prostatic Diseases; Protein-Energy Malnutrition; Purpura, Thrombocytopenic; Vitamin K Deficiency",,
1598,dicumarol,False,Obsolete,may_prevent,Pulmonary Embolism; Thromboembolism; Venous Thrombosis,,
1598,dicumarol,False,Obsolete,may_treat,Pulmonary Embolism; Thromboembolism; Venous Thrombosis,,
3403,digitoxin,False,Discontinued/Withdrawn,ci_with,"Amyloidosis; Cardiomyopathy, Hypertrophic; Drug Hypersensitivity; Heart Block; Pericarditis, Constrictive; Tachycardia, Ventricular; Ventricular Fibrillation",,
3403,digitoxin,False,Discontinued/Withdrawn,may_prevent,Heart Failure,,
3403,digitoxin,False,Discontinued/Withdrawn,may_treat,"Anxiety Disorders; Atrial Fibrillation; Atrial Flutter; Cardiac Output, Low; Heart Failure; Shock, Cardiogenic; Tachycardia, Supraventricular",,
203223,digoxin antibodies Fab fragments,False,Combination ingredient,ci_with,Drug Hypersensitivity,,
203223,digoxin antibodies Fab fragments,False,Combination ingredient,may_prevent,"Abnormalities, Drug-Induced; Drug Overdose; Drug-Related Side Effects and Adverse Reactions",,
203223,digoxin antibodies Fab fragments,False,Combination ingredient,may_treat,Drug Overdose; Drug-Related Side Effects and Adverse Reactions,,
3415,dihydroergocornine,False,Combination ingredient,ci_with,"Abortion, Threatened; Drug Hypersensitivity; Pregnancy; Psychotic Disorders",,
3415,dihydroergocornine,False,Combination ingredient,may_prevent,Postpartum Hemorrhage,,
3415,dihydroergocornine,False,Combination ingredient,may_treat,Postpartum Hemorrhage,,
3416,dihydroergocristine,False,Combination ingredient,ci_with,"Abortion, Threatened; Drug Hypersensitivity; Pregnancy; Psychotic Disorders",,
3416,dihydroergocristine,False,Combination ingredient,may_prevent,Postpartum Hemorrhage,,
3416,dihydroergocristine,False,Combination ingredient,may_treat,Postpartum Hemorrhage,,
3417,dihydroergocryptine,False,Combination ingredient,ci_with,"Abortion, Threatened; Drug Hypersensitivity; Pregnancy; Psychotic Disorders",,
3417,dihydroergocryptine,False,Combination ingredient,may_prevent,Migraine Disorders; Postpartum Hemorrhage,,
3417,dihydroergocryptine,False,Combination ingredient,may_treat,Hypotension; Parkinson Disease; Postpartum Hemorrhage,,
3634,dothiepin,False,Non-US,may_treat,Depressive Disorder,,
3755,edetic acid,False,Combination ingredient,ci_with,Anuria; Kidney Diseases; Lactation; Pregnancy; Renal Insufficiency,,
3755,edetic acid,False,Combination ingredient,may_prevent,Lead Poisoning,,
3755,edetic acid,False,Combination ingredient,may_treat,"Drug Overdose; Drug-Related Side Effects and Adverse Reactions; Hypercalcemia; Manganese Poisoning; Tachycardia, Ventricular; Ventricular Fibrillation",,
4024,"ergoloid mesylates, USP",False,Discontinued/Withdrawn,ci_with,Drug Hypersensitivity; Psychotic Disorders,,
4024,"ergoloid mesylates, USP",False,Discontinued/Withdrawn,may_treat,Cognitive Dysfunction,,
4118,ethchlorvynol,False,Discontinued/Withdrawn,ci_with,Drug Hypersensitivity; Porphyrias,,
4118,ethchlorvynol,False,Discontinued/Withdrawn,may_treat,Sleep Initiation and Maintenance Disorders,,
24474,ethinamate,False,Discontinued/Withdrawn,ci_with,Drug Hypersensitivity; Porphyrias,,
24474,ethinamate,False,Discontinued/Withdrawn,may_treat,Sleep Initiation and Maintenance Disorders,,
4460,flunitrazepam,False,Non-US,may_treat,Sleep Initiation and Maintenance Disorders,,
4495,flupenthixol,False,Non-US,may_treat,Depression; Schizophrenia,,
4507,fluspirilene,False,Non-US,may_treat,Schizophrenia,,
325526,ginseng preparation,False,Supplement/Natural,ci_with,Blood Coagulation Disorders; Drug Hypersensitivity; Hemorrhagic Disorders; Hysteria; Schizophrenia,,
325526,ginseng preparation,False,Supplement/Natural,may_treat,Erectile Dysfunction; Fatigue,,
4903,glutethimide,False,Discontinued/Withdrawn,ci_with,Drug Hypersensitivity,,
4903,glutethimide,False,Discontinued/Withdrawn,may_treat,Sleep Initiation and Maintenance Disorders,,
26412,halazepam,False,Discontinued/Withdrawn,ci_with,Drug Hypersensitivity,,
26412,halazepam,False,Discontinued/Withdrawn,may_treat,Anxiety Disorders,,
50749,halofantrine,False,Discontinued/Withdrawn,ci_with,Drug Hypersensitivity; Syncope; Ventricular Dysfunction; Ventricular Fibrillation,,
50749,halofantrine,False,Discontinued/Withdrawn,may_treat,"Malaria, Falciparum; Malaria, Vivax",,
2267703,huperzine A,False,Supplement/Natural,may_treat,Alzheimer Disease,,
262150,iron carbonyl,False,Supplement/Natural,ci_with,"Anemia, Hemolytic; Anemia, Megaloblastic; Drug Hypersensitivity; Hemochromatosis; Hemosiderosis",,
262150,iron carbonyl,False,Supplement/Natural,may_prevent,"Anemia, Iron-Deficiency",,
262150,iron carbonyl,False,Supplement/Natural,may_treat,"Anemia, Iron-Deficiency; Pregnancy Complications, Hematologic; Restless Legs Syndrome",,
285228,kava preparation,False,Supplement/Natural,ci_with,Drug Hypersensitivity; Liver Diseases,,
285228,kava preparation,False,Supplement/Natural,may_treat,Anxiety Disorders; Depressive Disorder,,
1731031,lesinurad,False,Discontinued/Withdrawn,ci_with,Kidney Diseases; Lesch-Nyhan Syndrome; Renal Insufficiency,,
1731031,lesinurad,False,Discontinued/Withdrawn,may_treat,Hyperuricemia,,
237005,levomethadyl,False,Discontinued/Withdrawn,ci_with,Bradycardia; Drug Hypersensitivity; Hypokalemia; Magnesium Deficiency,,
237005,levomethadyl,False,Discontinued/Withdrawn,may_prevent,Pain,,
237005,levomethadyl,False,Discontinued/Withdrawn,may_treat,Opioid-Related Disorders,,
746070,lithium aspartate,False,Supplement/Natural,ci_with,Coronary Disease; Dehydration; Drug Hypersensitivity; Hyponatremia; Kidney Diseases; Pregnancy,,
746070,lithium aspartate,False,Supplement/Natural,may_treat,"Bipolar Disorder; Conduct Disorder; Depressive Disorder; Stress Disorders, Post-Traumatic",,
52105,lithium citrate,True,HUMAN PRESCRIPTION DRUG,ci_with,Coronary Disease; Dehydration; Drug Hypersensitivity; Hyponatremia; Kidney Diseases; Pregnancy,1 INDICATIONS AND USAGE Lithium is a mood stabilizing agent indicated as monotherapy for the treatment of bipolar I disorder: Treatment of acute manic and mixed episodes in patients 7 years and older [see Clinical Studies (14) ] Maintenance treatment in patients 7 years and older [see Clinical Studies (14) ] Lithium is a mood-stabilizing agent indicated as monotherapy for the treatment of bipolar I disorder: Treatment of acute manic and mixed episodes in patients 7 years and older ( 1 ) Maintenance treatment in patients 7 years and older ( 1 ),
52105,lithium citrate,True,HUMAN PRESCRIPTION DRUG,may_treat,"Bipolar Disorder; Conduct Disorder; Depressive Disorder; Stress Disorders, Post-Traumatic",1 INDICATIONS AND USAGE Lithium is a mood stabilizing agent indicated as monotherapy for the treatment of bipolar I disorder: Treatment of acute manic and mixed episodes in patients 7 years and older [see Clinical Studies (14) ] Maintenance treatment in patients 7 years and older [see Clinical Studies (14) ] Lithium is a mood-stabilizing agent indicated as monotherapy for the treatment of bipolar I disorder: Treatment of acute manic and mixed episodes in patients 7 years and older ( 1 ) Maintenance treatment in patients 7 years and older ( 1 ),
28894,lormetazepam,False,Non-US,may_treat,Sleep Initiation and Maintenance Disorders,,
6646,maprotiline,False,Discontinued/Withdrawn,ci_with,Drug Hypersensitivity; Epilepsy; Myocardial Infarction,,
6646,maprotiline,False,Discontinued/Withdrawn,may_treat,Bipolar Disorder; Bulimia; Cocaine-Related Disorders; Duodenal Ulcer; Dysthymic Disorder; Enuresis; Pain; Panic Disorder,,
6664,mazindol,False,Discontinued/Withdrawn,ci_with,"Drug Hypersensitivity; Psychomotor Agitation; Substance Abuse, Intravenous",,
6664,mazindol,False,Discontinued/Withdrawn,may_treat,"Muscular Dystrophy, Duchenne; Obesity",,
29421,mecobalamin,False,Supplement/Natural,ci_with,Drug Hypersensitivity,,
29421,mecobalamin,False,Supplement/Natural,may_prevent,Vitamin B 12 Deficiency,,
29421,mecobalamin,False,Supplement/Natural,may_treat,"Alcoholic Neuropathy; Anemia, Pernicious; Diabetic Neuropathies; Multiple Sclerosis",,
6680,medazepam,False,Non-US,may_prevent,Seizures,,
6680,medazepam,False,Non-US,may_treat,Anxiety Disorders,,
6779,mesoridazine,False,Discontinued/Withdrawn,ci_with,Coma; Drug Hypersensitivity,,
6779,mesoridazine,False,Discontinued/Withdrawn,may_treat,Alcoholism; Psychotic Disorders; Schizophrenia,,
6782,mestranol,False,Combination ingredient,ci_with,"Aged; Breast Neoplasms; Cerebrovascular Disorders; Coronary Disease; Diabetes Mellitus; Drug Hypersensitivity; Endometrial Neoplasms; Headache Disorders; Heart Valve Diseases; Hypertension; Jaundice; Liver Neoplasms; Neoplasms, Hormone-Dependent; Pregnancy; Thromboembolism; Thrombophlebitis; Tobacco Use Disorder",,
6782,mestranol,False,Combination ingredient,may_prevent,Ovarian Neoplasms; Pregnancy,,
6823,methaqualone,False,Discontinued/Withdrawn,may_treat,Sleep Initiation and Maintenance Disorders,,
29648,methdilazine,False,Discontinued/Withdrawn,ci_with,"Bone Marrow Diseases; Coma; Drug Hypersensitivity; Infant, Newborn; Jaundice; Lactation",,
29648,methdilazine,False,Discontinued/Withdrawn,may_treat,"Dermatitis, Allergic Contact; Dermatitis, Atopic; Eczema; Pityriasis Rosea; Pruritus; Rhinitis, Allergic, Perennial; Urticaria",,
6852,methotrimeprazine,False,Discontinued/Withdrawn,ci_with,Coma; Coronary Disease; Drug Hypersensitivity; Liver Diseases; Seizures,,
6852,methotrimeprazine,False,Discontinued/Withdrawn,may_treat,Anxiety Disorders; Bipolar Disorder; Pain; Psychotic Disorders; Schizophrenia,,
6910,methyprylon,False,Discontinued/Withdrawn,ci_with,Drug Hypersensitivity,,
6910,methyprylon,False,Discontinued/Withdrawn,may_treat,Sleep Initiation and Maintenance Disorders,,
7440,nitrazepam,False,Non-US,may_treat,Seizures; Sleep Initiation and Maintenance Disorders,,
3155,nordazepam,False,Non-US,may_treat,Anxiety Disorders,,
7909,paraldehyde,False,Obsolete,ci_with,Airway Obstruction; Drug Hypersensitivity; Gastroenteritis; Liver Failure,,
7909,paraldehyde,False,Obsolete,may_treat,Delirium; Seizures,,
7966,pemoline,False,Discontinued/Withdrawn,ci_with,Child; Hypersensitivity; Liver Diseases; Psychotic Disorders; Tourette Syndrome,,
7966,pemoline,False,Discontinued/Withdrawn,may_treat,Attention Deficit Disorder with Hyperactivity; Narcolepsy,,
7974,penfluridol,False,Non-US,may_treat,Psychotic Disorders; Schizophrenia Spectrum and Other Psychotic Disorders,,
8042,perazine,False,Non-US,may_treat,Psychotic Disorders; Schizophrenia,,
8047,pergolide,False,Discontinued/Withdrawn,ci_with,Drug Hypersensitivity,,
8047,pergolide,False,Discontinued/Withdrawn,may_treat,Parkinson Disease; Tourette Syndrome,,
8766,periciazine,False,Non-US,ci_with,Drug Hypersensitivity,,
8766,periciazine,False,Non-US,may_treat,Aggression; Psychotic Disorders,,
8133,phenmetrazine,False,Discontinued/Withdrawn,ci_with,"Arteriosclerosis; Drug Hypersensitivity; Glaucoma; Hypertension; Hyperthyroidism; Pregnancy; Substance Abuse, Intravenous",,
8133,phenmetrazine,False,Discontinued/Withdrawn,may_treat,Obesity,,
8150,phenprocoumon,False,Non-US,ci_with,"Abortion, Threatened; Alcoholism; Aneurysm; Ascorbic Acid Deficiency; Carcinoma; Cerebral Hemorrhage; Diverticulitis; Drug Hypersensitivity; Eclampsia; Emaciation; Endocarditis, Bacterial; Gastrointestinal Hemorrhage; Hemophilia A; Hemophilia B; Hypertension, Malignant; Leukemia; Liver Diseases; Pericardial Effusion; Pericarditis; Postoperative Hemorrhage; Pre-Eclampsia; Pregnancy; Prostatic Diseases; Protein-Energy Malnutrition; Purpura, Thrombocytopenic; Vitamin K Deficiency",,
8150,phenprocoumon,False,Non-US,may_prevent,Pulmonary Embolism; Thromboembolism; Venous Thrombosis,,
8150,phenprocoumon,False,Non-US,may_treat,Pulmonary Embolism; Thromboembolism; Venous Thrombosis,,
33739,pipamperone,False,Non-US,may_treat,Schizophrenia,,
8338,piperacetazine,False,Discontinued/Withdrawn,may_treat,Schizophrenia,,
8348,pipothiazine,False,Non-US,may_treat,Schizophrenia,,
8627,prazepam,False,Discontinued/Withdrawn,ci_with,"Drug Hypersensitivity; Glaucoma, Angle-Closure; Pregnancy",,
8627,prazepam,False,Discontinued/Withdrawn,may_treat,"Alcohol Withdrawal Delirium; Anxiety Disorders; Duodenal Ulcer; Epilepsies, Partial; Muscle Spasticity",,
8742,promazine,False,Discontinued/Withdrawn,ci_with,Bone Marrow Diseases; Coma; Drug Hypersensitivity,,
8742,promazine,False,Discontinued/Withdrawn,may_treat,Nausea; Psychotic Disorders; Schizophrenia; Vomiting,,
8770,propiomazine,False,Discontinued/Withdrawn,ci_with,Bone Marrow Diseases; Drug Hypersensitivity; Pheochromocytoma; Seizures,,
8770,propiomazine,False,Discontinued/Withdrawn,may_treat,Anxiety Disorders; Sleep Initiation and Maintenance Disorders,,
8825,protamine sulfate (USP),False,Combination ingredient,ci_with,Drug Hypersensitivity,,
8825,protamine sulfate (USP),False,Combination ingredient,may_treat,Drug Overdose; Hemorrhage; Postoperative Complications,,
8826,protamines,False,Combination ingredient,ci_with,Drug Hypersensitivity,,
8826,protamines,False,Combination ingredient,may_treat,Drug Overdose,,
9100,racemethionine,False,Obsolete,ci_with,Drug Hypersensitivity,,
9100,racemethionine,False,Obsolete,may_treat,Diaper Rash; Drug Overdose; Drug-Related Side Effects and Adverse Reactions,,
60842,reboxetine,False,Non-US,may_treat,Attention Deficit Disorder with Hyperactivity; Depression; Panic Disorder,,
9260,reserpine,False,Discontinued/Withdrawn,ci_with,"Colitis, Ulcerative; Depressive Disorder; Drug Hypersensitivity; Hypotension; Peptic Ulcer",,
9260,reserpine,False,Discontinued/Withdrawn,may_treat,Dyskinesias; Hypertension; Schizophrenia,,
9624,secobarbital,False,Discontinued/Withdrawn,ci_with,Airway Obstruction; Drug Hypersensitivity; Liver Failure; Porphyrias; Pregnancy,,
9624,secobarbital,False,Discontinued/Withdrawn,may_treat,Sleep Initiation and Maintenance Disorders,,
41996,sertindole,False,Non-US,may_treat,Schizophrenia,,
36514,sibutramine,False,Discontinued/Withdrawn,ci_with,"Anorexia Nervosa; Arrhythmias, Cardiac; Bulimia Nervosa; Drug Hypersensitivity; Heart Failure; Hypertension; Stroke",,
36514,sibutramine,False,Discontinued/Withdrawn,may_treat,Obesity,,
56570,somatrem,False,Discontinued/Withdrawn,ci_with,Brain Neoplasms; Drug Hypersensitivity; Intracranial Hemorrhages,,
56570,somatrem,False,Discontinued/Withdrawn,may_treat,Cachexia; Dwarfism; Heart Failure; Prader-Willi Syndrome,,
10318,tacrine,False,Discontinued/Withdrawn,ci_with,Drug-Related Side Effects and Adverse Reactions; Hypersensitivity,,
10318,tacrine,False,Discontinued/Withdrawn,may_treat,Alzheimer Disease,,
37985,tetrazepam,False,Non-US,may_treat,Anxiety Disorders; Spasm,,
10437,theobromine,False,Supplement/Natural,may_treat,Anxiety Disorders,,
10464,thiamylal,False,Discontinued/Withdrawn,ci_with,Drug Hypersensitivity,,
10464,thiamylal,False,Discontinued/Withdrawn,may_prevent,Seizures,,
10464,thiamylal,False,Discontinued/Withdrawn,may_treat,Anxiety Disorders,,
38077,thiobutabarbital,False,Non-US,ci_with,Drug Hypersensitivity,,
38077,thiobutabarbital,False,Non-US,may_treat,Sleep Initiation and Maintenance Disorders,,
38260,tibolone,False,Non-US,may_prevent,"Osteoporosis, Postmenopausal",,
38260,tibolone,False,Non-US,may_treat,Anxiety; Hot Flashes; Sleep Initiation and Maintenance Disorders,,
2740012,tividenofusp alfa,True,HUMAN PRESCRIPTION DRUG,may_treat,Mucopolysaccharidosis II,"1 INDICATIONS AND USAGE AVLAYAH is indicated for the treatment of neurologic manifestations of Hunter syndrome (Mucopolysaccharidosis type II, MPS II) when initiated in presymptomatic or symptomatic pediatric patients weighing at least 5 kg prior to advanced neurologic impairment. This indication is approved under accelerated approval based on the reduction of cerebrospinal fluid heparan sulfate [see Clinical Studies (14) ] . Continued approval for this indication may be contingent upon verification and description of clinical benefit in a confirmatory trial(s). Limitations of Use AVLAYAH is not recommended for use in combination with other enzyme replacement therapies for the treatment of Hunter syndrome. AVLAYAH is a hydrolytic lysosomal glycosaminoglycan (GAG)-specific enzyme indicated for the treatment of neurologic manifestations of Hunter syndrome (Mucopolysaccharidosis type II, MPS II) when initiated in presymptomatic or symptomatic pediatric patients weighing at least 5 kg prior to advanced neurologic impairment. ( 1 ) This indication is approved under accelerated approval based on reduction of cerebrospinal fluid heparan sulfate observed in patients treated with AVLAYAH. Continued approval for this indication may be contingent upon verification of clinical benefit in a confirmatory trial(s). ( 1 ) Limitations of Use AVLAYAH is not recommended for use in combination with other enzyme replacement therapies. ( 1 )",
314875,"tocopheryl acid succinate,D-alpha",False,Supplement/Natural,ci_with,Drug Hypersensitivity,,
314875,"tocopheryl acid succinate,D-alpha",False,Supplement/Natural,may_prevent,"Alzheimer Disease; Anemia, Hemolytic; Bronchopulmonary Dysplasia; Dyskinesia, Drug-Induced; Vitamin E Deficiency",,
314875,"tocopheryl acid succinate,D-alpha",False,Supplement/Natural,may_treat,"Alzheimer Disease; Anemia, Hemolytic; Dyskinesia, Drug-Induced; Vitamin E Deficiency",,
38365,tofisopam,False,Non-US,may_treat,Anxiety Disorders; Substance Withdrawal Syndrome,,
1314420,tricaprylin,False,Combination ingredient,may_treat,Alzheimer Disease,,
10804,trifluperidol,False,Discontinued/Withdrawn,may_treat,Psychotic Disorders; Schizophrenia Spectrum and Other Psychotic Disorders,,
10805,triflupromazine,False,Discontinued/Withdrawn,ci_with,Drug Hypersensitivity; Reye Syndrome,,
10805,triflupromazine,False,Discontinued/Withdrawn,may_treat,Hiccup; Nausea; Pain; Psychotic Disorders; Vomiting,,
10825,trimeprazine,False,Discontinued/Withdrawn,ci_with,Bone Marrow Diseases; Coma; Drug Hypersensitivity; Infant; Lactation,,
10825,trimeprazine,False,Discontinued/Withdrawn,may_treat,"Dermatitis, Allergic Contact; Dermatitis, Atopic; Rhinitis, Allergic, Perennial; Urticaria",,
21406,ubidecarenone,True,HUMAN OTC DRUG,ci_with,Drug Hypersensitivity,Take 15 minutes before meals,
21406,ubidecarenone,True,HUMAN OTC DRUG,may_prevent,Drug-Related Side Effects and Adverse Reactions,Take 15 minutes before meals,
21406,ubidecarenone,True,HUMAN OTC DRUG,may_treat,"Angina Pectoris; Fatigue Syndrome, Chronic; Heart Failure; Huntington Disease; Hyperlipidemias; Hypertension",Take 15 minutes before meals,
253206,valerian root extract,False,Supplement/Natural,may_treat,Sleep Initiation and Maintenance Disorders,,
11248,vitamin B12,True,HUMAN PRESCRIPTION DRUG,ci_with,Drug Hypersensitivity,,
11248,vitamin B12,True,HUMAN PRESCRIPTION DRUG,may_prevent,Vitamin B 12 Deficiency,,
11248,vitamin B12,True,HUMAN PRESCRIPTION DRUG,may_treat,"Alcoholic Neuropathy; Anemia, Pernicious; Diabetic Neuropathies; Multiple Sclerosis",,
220982,yohimbine,False,Supplement/Natural,ci_with,Drug Hypersensitivity; Kidney Diseases,,
220982,yohimbine,False,Supplement/Natural,may_treat,Erectile Dysfunction; Miosis,,
